{
    "loss": 1.1838799715042114,
    "accuracy": 0.7241379022598267
}